{
	"start":	{
		"connected":	[{
				"socket":	5,
				"local_host":	"10.49.0.5",
				"local_port":	45005,
				"remote_host":	"51.92.182.86",
				"remote_port":	3004
			}],
		"version":	"iperf 3.9",
		"system_info":	"Linux ip-10-0-0-147 6.8.0-1029-aws #31~22.04.1-Ubuntu SMP Thu Apr 24 21:16:18 UTC 2025 x86_64",
		"timestamp":	{
			"time":	"Mon, 19 May 2025 20:32:35 GMT",
			"timesecs":	1747686755
		},
		"connecting_to":	{
			"host":	"51.92.182.86",
			"port":	3004
		},
		"cookie":	"twbj35m5cp2cs6feff2q2e232c2y5rddq7i4",
		"tcp_mss_default":	1348,
		"target_bitrate":	100000000,
		"sock_bufsize":	0,
		"sndbuf_actual":	16384,
		"rcvbuf_actual":	131072,
		"test_start":	{
			"protocol":	"TCP",
			"num_streams":	1,
			"blksize":	131072,
			"omit":	0,
			"duration":	10,
			"bytes":	0,
			"blocks":	0,
			"reverse":	0,
			"tos":	0
		}
	},
	"intervals":	[{
			"streams":	[{
					"socket":	5,
					"start":	0,
					"end":	1.000071,
					"seconds":	1.0000710487365723,
					"bytes":	7426072,
					"bits_per_second":	59404355.395602256,
					"retransmits":	364,
					"snd_cwnd":	4044,
					"rtt":	1453,
					"rttvar":	853,
					"pmtu":	1400,
					"omitted":	false,
					"sender":	true
				}],
			"sum":	{
				"start":	0,
				"end":	1.000071,
				"seconds":	1.0000710487365723,
				"bytes":	7426072,
				"bits_per_second":	59404355.395602256,
				"retransmits":	364,
				"omitted":	false,
				"sender":	true
			}
		}, {
			"streams":	[{
					"socket":	5,
					"start":	1.000071,
					"end":	2.00007,
					"seconds":	0.99999898672103882,
					"bytes":	3670016,
					"bits_per_second":	29360157.750030145,
					"retransmits":	191,
					"snd_cwnd":	10784,
					"rtt":	2680,
					"rttvar":	786,
					"pmtu":	1400,
					"omitted":	false,
					"sender":	true
				}],
			"sum":	{
				"start":	1.000071,
				"end":	2.00007,
				"seconds":	0.99999898672103882,
				"bytes":	3670016,
				"bits_per_second":	29360157.750030145,
				"retransmits":	191,
				"omitted":	false,
				"sender":	true
			}
		}, {
			"streams":	[{
					"socket":	5,
					"start":	2.00007,
					"end":	3.000067,
					"seconds":	0.99999701976776123,
					"bytes":	3538944,
					"bits_per_second":	28311636.375251457,
					"retransmits":	226,
					"snd_cwnd":	4044,
					"rtt":	1300,
					"rttvar":	231,
					"pmtu":	1400,
					"omitted":	false,
					"sender":	true
				}],
			"sum":	{
				"start":	2.00007,
				"end":	3.000067,
				"seconds":	0.99999701976776123,
				"bytes":	3538944,
				"bits_per_second":	28311636.375251457,
				"retransmits":	226,
				"omitted":	false,
				"sender":	true
			}
		}, {
			"streams":	[{
					"socket":	5,
					"start":	3.000067,
					"end":	4.000077,
					"seconds":	1.0000100135803223,
					"bytes":	3670016,
					"bits_per_second":	29359834.002943963,
					"retransmits":	168,
					"snd_cwnd":	5392,
					"rtt":	1561,
					"rttvar":	707,
					"pmtu":	1400,
					"omitted":	false,
					"sender":	true
				}],
			"sum":	{
				"start":	3.000067,
				"end":	4.000077,
				"seconds":	1.0000100135803223,
				"bytes":	3670016,
				"bits_per_second":	29359834.002943963,
				"retransmits":	168,
				"omitted":	false,
				"sender":	true
			}
		}, {
			"streams":	[{
					"socket":	5,
					"start":	4.000077,
					"end":	5.000069,
					"seconds":	0.9999920129776,
					"bytes":	3538944,
					"bits_per_second":	28311778.12680608,
					"retransmits":	246,
					"snd_cwnd":	4044,
					"rtt":	1986,
					"rttvar":	822,
					"pmtu":	1400,
					"omitted":	false,
					"sender":	true
				}],
			"sum":	{
				"start":	4.000077,
				"end":	5.000069,
				"seconds":	0.9999920129776,
				"bytes":	3538944,
				"bits_per_second":	28311778.12680608,
				"retransmits":	246,
				"omitted":	false,
				"sender":	true
			}
		}, {
			"streams":	[{
					"socket":	5,
					"start":	5.000069,
					"end":	6.000067,
					"seconds":	0.99999797344207764,
					"bytes":	3670016,
					"bits_per_second":	29360187.50012058,
					"retransmits":	224,
					"snd_cwnd":	5392,
					"rtt":	1597,
					"rttvar":	250,
					"pmtu":	1400,
					"omitted":	false,
					"sender":	true
				}],
			"sum":	{
				"start":	5.000069,
				"end":	6.000067,
				"seconds":	0.99999797344207764,
				"bytes":	3670016,
				"bits_per_second":	29360187.50012058,
				"retransmits":	224,
				"omitted":	false,
				"sender":	true
			}
		}, {
			"streams":	[{
					"socket":	5,
					"start":	6.000067,
					"end":	7.000234,
					"seconds":	1.0001670122146606,
					"bytes":	3538944,
					"bits_per_second":	28306824.414564513,
					"retransmits":	177,
					"snd_cwnd":	16176,
					"rtt":	3333,
					"rttvar":	1874,
					"pmtu":	1400,
					"omitted":	false,
					"sender":	true
				}],
			"sum":	{
				"start":	6.000067,
				"end":	7.000234,
				"seconds":	1.0001670122146606,
				"bytes":	3538944,
				"bits_per_second":	28306824.414564513,
				"retransmits":	177,
				"omitted":	false,
				"sender":	true
			}
		}, {
			"streams":	[{
					"socket":	5,
					"start":	7.000234,
					"end":	8.000092,
					"seconds":	0.999858021736145,
					"bytes":	3538944,
					"bits_per_second":	28315572.195780419,
					"retransmits":	154,
					"snd_cwnd":	21568,
					"rtt":	1439,
					"rttvar":	681,
					"pmtu":	1400,
					"omitted":	false,
					"sender":	true
				}],
			"sum":	{
				"start":	7.000234,
				"end":	8.000092,
				"seconds":	0.999858021736145,
				"bytes":	3538944,
				"bits_per_second":	28315572.195780419,
				"retransmits":	154,
				"omitted":	false,
				"sender":	true
			}
		}, {
			"streams":	[{
					"socket":	5,
					"start":	8.000092,
					"end":	9.000065,
					"seconds":	0.99997299909591675,
					"bytes":	3670016,
					"bits_per_second":	29360920.771405544,
					"retransmits":	201,
					"snd_cwnd":	18872,
					"rtt":	2791,
					"rttvar":	1536,
					"pmtu":	1400,
					"omitted":	false,
					"sender":	true
				}],
			"sum":	{
				"start":	8.000092,
				"end":	9.000065,
				"seconds":	0.99997299909591675,
				"bytes":	3670016,
				"bits_per_second":	29360920.771405544,
				"retransmits":	201,
				"omitted":	false,
				"sender":	true
			}
		}, {
			"streams":	[{
					"socket":	5,
					"start":	9.000065,
					"end":	10.000114,
					"seconds":	1.0000489950180054,
					"bytes":	3538944,
					"bits_per_second":	28310164.942958884,
					"retransmits":	191,
					"snd_cwnd":	14828,
					"rtt":	3397,
					"rttvar":	2388,
					"pmtu":	1400,
					"omitted":	false,
					"sender":	true
				}],
			"sum":	{
				"start":	9.000065,
				"end":	10.000114,
				"seconds":	1.0000489950180054,
				"bytes":	3538944,
				"bits_per_second":	28310164.942958884,
				"retransmits":	191,
				"omitted":	false,
				"sender":	true
			}
		}],
	"end":	{
		"streams":	[{
				"sender":	{
					"socket":	5,
					"start":	0,
					"end":	10.000114,
					"seconds":	10.000114,
					"bytes":	39800856,
					"bits_per_second":	31840321.820331249,
					"retransmits":	2142,
					"max_snd_cwnd":	21568,
					"max_rtt":	3397,
					"min_rtt":	1300,
					"mean_rtt":	2153,
					"sender":	true
				},
				"receiver":	{
					"socket":	5,
					"start":	0,
					"end":	10.041258,
					"seconds":	10.000114,
					"bytes":	39428244,
					"bits_per_second":	31412991.479752839,
					"sender":	true
				}
			}],
		"sum_sent":	{
			"start":	0,
			"end":	10.000114,
			"seconds":	10.000114,
			"bytes":	39800856,
			"bits_per_second":	31840321.820331249,
			"retransmits":	2142,
			"sender":	true
		},
		"sum_received":	{
			"start":	0,
			"end":	10.041258,
			"seconds":	10.041258,
			"bytes":	39428244,
			"bits_per_second":	31412991.479752839,
			"sender":	true
		},
		"cpu_utilization_percent":	{
			"host_total":	1.7999872697828465,
			"host_user":	0.615928357034605,
			"host_system":	1.1840390837495605,
			"remote_total":	0.16358884299083862,
			"remote_user":	0.023361587327564153,
			"remote_system":	0.14022725566327446
		},
		"sender_tcp_congestion":	"cubic",
		"receiver_tcp_congestion":	"cubic"
	}
}
