{
	"start":	{
		"connected":	[{
				"socket":	5,
				"local_host":	"10.47.0.7",
				"local_port":	45443,
				"remote_host":	"51.92.182.86",
				"remote_port":	3002
			}],
		"version":	"iperf 3.9",
		"system_info":	"Linux ip-10-0-0-147 6.8.0-1029-aws #31~22.04.1-Ubuntu SMP Thu Apr 24 21:16:18 UTC 2025 x86_64",
		"timestamp":	{
			"time":	"Mon, 19 May 2025 20:32:34 GMT",
			"timesecs":	1747686754
		},
		"connecting_to":	{
			"host":	"51.92.182.86",
			"port":	3002
		},
		"cookie":	"2wvbag22g667acdjmdextobhc4rdrcnqrh7w",
		"tcp_mss_default":	1348,
		"target_bitrate":	10000000,
		"sock_bufsize":	0,
		"sndbuf_actual":	16384,
		"rcvbuf_actual":	131072,
		"test_start":	{
			"protocol":	"TCP",
			"num_streams":	1,
			"blksize":	131072,
			"omit":	0,
			"duration":	10,
			"bytes":	0,
			"blocks":	0,
			"reverse":	0,
			"tos":	0
		}
	},
	"intervals":	[{
			"streams":	[{
					"socket":	5,
					"start":	0,
					"end":	1.000073,
					"seconds":	1.0000729560852051,
					"bytes":	1286140,
					"bits_per_second":	10288369.400845371,
					"retransmits":	0,
					"snd_cwnd":	262860,
					"rtt":	2634,
					"rttvar":	265,
					"pmtu":	1400,
					"omitted":	false,
					"sender":	true
				}],
			"sum":	{
				"start":	0,
				"end":	1.000073,
				"seconds":	1.0000729560852051,
				"bytes":	1286140,
				"bits_per_second":	10288369.400845371,
				"retransmits":	0,
				"omitted":	false,
				"sender":	true
			}
		}, {
			"streams":	[{
					"socket":	5,
					"start":	1.000073,
					"end":	2.000111,
					"seconds":	1.0000380277633667,
					"bytes":	1310720,
					"bits_per_second":	10485361.265162993,
					"retransmits":	0,
					"snd_cwnd":	262860,
					"rtt":	3786,
					"rttvar":	936,
					"pmtu":	1400,
					"omitted":	false,
					"sender":	true
				}],
			"sum":	{
				"start":	1.000073,
				"end":	2.000111,
				"seconds":	1.0000380277633667,
				"bytes":	1310720,
				"bits_per_second":	10485361.265162993,
				"retransmits":	0,
				"omitted":	false,
				"sender":	true
			}
		}, {
			"streams":	[{
					"socket":	5,
					"start":	2.000111,
					"end":	3.000089,
					"seconds":	0.999978005886078,
					"bytes":	1179648,
					"bits_per_second":	9437391.5670652539,
					"retransmits":	131,
					"snd_cwnd":	90316,
					"rtt":	1895,
					"rttvar":	171,
					"pmtu":	1400,
					"omitted":	false,
					"sender":	true
				}],
			"sum":	{
				"start":	2.000111,
				"end":	3.000089,
				"seconds":	0.999978005886078,
				"bytes":	1179648,
				"bits_per_second":	9437391.5670652539,
				"retransmits":	131,
				"omitted":	false,
				"sender":	true
			}
		}, {
			"streams":	[{
					"socket":	5,
					"start":	3.000089,
					"end":	4.000067,
					"seconds":	0.999978005886078,
					"bytes":	1310720,
					"bits_per_second":	10485990.630072504,
					"retransmits":	0,
					"snd_cwnd":	99752,
					"rtt":	2710,
					"rttvar":	556,
					"pmtu":	1400,
					"omitted":	false,
					"sender":	true
				}],
			"sum":	{
				"start":	3.000089,
				"end":	4.000067,
				"seconds":	0.999978005886078,
				"bytes":	1310720,
				"bits_per_second":	10485990.630072504,
				"retransmits":	0,
				"omitted":	false,
				"sender":	true
			}
		}, {
			"streams":	[{
					"socket":	5,
					"start":	4.000067,
					"end":	5.000159,
					"seconds":	1.0000920295715332,
					"bytes":	1179648,
					"bits_per_second":	9436315.57992033,
					"retransmits":	19,
					"snd_cwnd":	76836,
					"rtt":	1710,
					"rttvar":	315,
					"pmtu":	1400,
					"omitted":	false,
					"sender":	true
				}],
			"sum":	{
				"start":	4.000067,
				"end":	5.000159,
				"seconds":	1.0000920295715332,
				"bytes":	1179648,
				"bits_per_second":	9436315.57992033,
				"retransmits":	19,
				"omitted":	false,
				"sender":	true
			}
		}, {
			"streams":	[{
					"socket":	5,
					"start":	5.000159,
					"end":	6.000192,
					"seconds":	1.0000330209732056,
					"bytes":	1310720,
					"bits_per_second":	10485413.761433134,
					"retransmits":	74,
					"snd_cwnd":	33700,
					"rtt":	1536,
					"rttvar":	214,
					"pmtu":	1400,
					"omitted":	false,
					"sender":	true
				}],
			"sum":	{
				"start":	5.000159,
				"end":	6.000192,
				"seconds":	1.0000330209732056,
				"bytes":	1310720,
				"bits_per_second":	10485413.761433134,
				"retransmits":	74,
				"omitted":	false,
				"sender":	true
			}
		}, {
			"streams":	[{
					"socket":	5,
					"start":	6.000192,
					"end":	7.000082,
					"seconds":	0.9998900294303894,
					"bytes":	1179648,
					"bits_per_second":	9438221.9266413841,
					"retransmits":	1,
					"snd_cwnd":	51224,
					"rtt":	1660,
					"rttvar":	164,
					"pmtu":	1400,
					"omitted":	false,
					"sender":	true
				}],
			"sum":	{
				"start":	6.000192,
				"end":	7.000082,
				"seconds":	0.9998900294303894,
				"bytes":	1179648,
				"bits_per_second":	9438221.9266413841,
				"retransmits":	1,
				"omitted":	false,
				"sender":	true
			}
		}, {
			"streams":	[{
					"socket":	5,
					"start":	7.000082,
					"end":	8.000071,
					"seconds":	0.99998897314071655,
					"bytes":	1310720,
					"bits_per_second":	10485875.626274996,
					"retransmits":	0,
					"snd_cwnd":	67400,
					"rtt":	2086,
					"rttvar":	267,
					"pmtu":	1400,
					"omitted":	false,
					"sender":	true
				}],
			"sum":	{
				"start":	7.000082,
				"end":	8.000071,
				"seconds":	0.99998897314071655,
				"bytes":	1310720,
				"bits_per_second":	10485875.626274996,
				"retransmits":	0,
				"omitted":	false,
				"sender":	true
			}
		}, {
			"streams":	[{
					"socket":	5,
					"start":	8.000071,
					"end":	9.000228,
					"seconds":	1.0001569986343384,
					"bytes":	1310720,
					"bits_per_second":	10484114.00841843,
					"retransmits":	39,
					"snd_cwnd":	57964,
					"rtt":	2278,
					"rttvar":	671,
					"pmtu":	1400,
					"omitted":	false,
					"sender":	true
				}],
			"sum":	{
				"start":	8.000071,
				"end":	9.000228,
				"seconds":	1.0001569986343384,
				"bytes":	1310720,
				"bits_per_second":	10484114.00841843,
				"retransmits":	39,
				"omitted":	false,
				"sender":	true
			}
		}, {
			"streams":	[{
					"socket":	5,
					"start":	9.000228,
					"end":	10.000075,
					"seconds":	0.99984699487686157,
					"bytes":	1179648,
					"bits_per_second":	9438628.1584636439,
					"retransmits":	22,
					"snd_cwnd":	37744,
					"rtt":	2170,
					"rttvar":	899,
					"pmtu":	1400,
					"omitted":	false,
					"sender":	true
				}],
			"sum":	{
				"start":	9.000228,
				"end":	10.000075,
				"seconds":	0.99984699487686157,
				"bytes":	1179648,
				"bits_per_second":	9438628.1584636439,
				"retransmits":	22,
				"omitted":	false,
				"sender":	true
			}
		}],
	"end":	{
		"streams":	[{
				"sender":	{
					"socket":	5,
					"start":	0,
					"end":	10.000075,
					"seconds":	10.000075,
					"bytes":	12558332,
					"bits_per_second":	10046590.250573119,
					"retransmits":	286,
					"max_snd_cwnd":	262860,
					"max_rtt":	3786,
					"min_rtt":	1536,
					"mean_rtt":	2246,
					"sender":	true
				},
				"receiver":	{
					"socket":	5,
					"start":	0,
					"end":	10.040666,
					"seconds":	10.000075,
					"bytes":	12558332,
					"bits_per_second":	10005975.3008416,
					"sender":	true
				}
			}],
		"sum_sent":	{
			"start":	0,
			"end":	10.000075,
			"seconds":	10.000075,
			"bytes":	12558332,
			"bits_per_second":	10046590.250573119,
			"retransmits":	286,
			"sender":	true
		},
		"sum_received":	{
			"start":	0,
			"end":	10.040666,
			"seconds":	10.040666,
			"bytes":	12558332,
			"bits_per_second":	10005975.3008416,
			"sender":	true
		},
		"cpu_utilization_percent":	{
			"host_total":	1.6030953151491334,
			"host_user":	0.574875393939514,
			"host_system":	1.028229833196135,
			"remote_total":	0.030726274722963666,
			"remote_user":	0.00567243784103567,
			"remote_system":	0.025053836881928
		},
		"sender_tcp_congestion":	"cubic",
		"receiver_tcp_congestion":	"cubic"
	}
}
