{
	"start":	{
		"connected":	[{
				"socket":	5,
				"local_host":	"10.50.0.5",
				"local_port":	58983,
				"remote_host":	"51.92.182.86",
				"remote_port":	3005
			}],
		"version":	"iperf 3.9",
		"system_info":	"Linux ip-10-0-0-147 6.8.0-1029-aws #31~22.04.1-Ubuntu SMP Thu Apr 24 21:16:18 UTC 2025 x86_64",
		"timestamp":	{
			"time":	"Mon, 19 May 2025 20:32:36 GMT",
			"timesecs":	1747686756
		},
		"connecting_to":	{
			"host":	"51.92.182.86",
			"port":	3005
		},
		"cookie":	"fa3d7qgt6pisljlqn44f6zyk7zqkff4uro25",
		"tcp_mss_default":	1348,
		"target_bitrate":	200000000,
		"sock_bufsize":	0,
		"sndbuf_actual":	16384,
		"rcvbuf_actual":	131072,
		"test_start":	{
			"protocol":	"TCP",
			"num_streams":	1,
			"blksize":	131072,
			"omit":	0,
			"duration":	10,
			"bytes":	0,
			"blocks":	0,
			"reverse":	0,
			"tos":	0
		}
	},
	"intervals":	[{
			"streams":	[{
					"socket":	5,
					"start":	0,
					"end":	1.000092,
					"seconds":	1.0000920295715332,
					"bytes":	25000104,
					"bits_per_second":	199982427.70286435,
					"retransmits":	84,
					"snd_cwnd":	101100,
					"rtt":	2469,
					"rttvar":	558,
					"pmtu":	1400,
					"omitted":	false,
					"sender":	true
				}],
			"sum":	{
				"start":	0,
				"end":	1.000092,
				"seconds":	1.0000920295715332,
				"bytes":	25000104,
				"bits_per_second":	199982427.70286435,
				"retransmits":	84,
				"omitted":	false,
				"sender":	true
			}
		}, {
			"streams":	[{
					"socket":	5,
					"start":	1.000092,
					"end":	2.000212,
					"seconds":	1.0001200437545776,
					"bytes":	25034752,
					"bits_per_second":	200253976.76076055,
					"retransmits":	31,
					"snd_cwnd":	88968,
					"rtt":	2249,
					"rttvar":	291,
					"pmtu":	1400,
					"omitted":	false,
					"sender":	true
				}],
			"sum":	{
				"start":	1.000092,
				"end":	2.000212,
				"seconds":	1.0001200437545776,
				"bytes":	25034752,
				"bits_per_second":	200253976.76076055,
				"retransmits":	31,
				"omitted":	false,
				"sender":	true
			}
		}, {
			"streams":	[{
					"socket":	5,
					"start":	2.000212,
					"end":	3.000083,
					"seconds":	0.999871015548706,
					"bytes":	25034752,
					"bits_per_second":	200303852.08245292,
					"retransmits":	26,
					"snd_cwnd":	101100,
					"rtt":	2222,
					"rttvar":	339,
					"pmtu":	1400,
					"omitted":	false,
					"sender":	true
				}],
			"sum":	{
				"start":	2.000212,
				"end":	3.000083,
				"seconds":	0.999871015548706,
				"bytes":	25034752,
				"bits_per_second":	200303852.08245292,
				"retransmits":	26,
				"omitted":	false,
				"sender":	true
			}
		}, {
			"streams":	[{
					"socket":	5,
					"start":	3.000083,
					"end":	4.000091,
					"seconds":	1.0000079870224,
					"bytes":	25034752,
					"bits_per_second":	200276416.38777614,
					"retransmits":	10,
					"snd_cwnd":	136148,
					"rtt":	3166,
					"rttvar":	741,
					"pmtu":	1400,
					"omitted":	false,
					"sender":	true
				}],
			"sum":	{
				"start":	3.000083,
				"end":	4.000091,
				"seconds":	1.0000079870224,
				"bytes":	25034752,
				"bits_per_second":	200276416.38777614,
				"retransmits":	10,
				"omitted":	false,
				"sender":	true
			}
		}, {
			"streams":	[{
					"socket":	5,
					"start":	4.000091,
					"end":	5.000084,
					"seconds":	0.99999302625656128,
					"bytes":	24903680,
					"bits_per_second":	199230829.38468921,
					"retransmits":	16,
					"snd_cwnd":	119972,
					"rtt":	2033,
					"rttvar":	300,
					"pmtu":	1400,
					"omitted":	false,
					"sender":	true
				}],
			"sum":	{
				"start":	4.000091,
				"end":	5.000084,
				"seconds":	0.99999302625656128,
				"bytes":	24903680,
				"bits_per_second":	199230829.38468921,
				"retransmits":	16,
				"omitted":	false,
				"sender":	true
			}
		}, {
			"streams":	[{
					"socket":	5,
					"start":	5.000084,
					"end":	6.00009,
					"seconds":	1.0000059604644775,
					"bytes":	25034752,
					"bits_per_second":	200276822.25711527,
					"retransmits":	26,
					"snd_cwnd":	91664,
					"rtt":	2086,
					"rttvar":	450,
					"pmtu":	1400,
					"omitted":	false,
					"sender":	true
				}],
			"sum":	{
				"start":	5.000084,
				"end":	6.00009,
				"seconds":	1.0000059604644775,
				"bytes":	25034752,
				"bits_per_second":	200276822.25711527,
				"retransmits":	26,
				"omitted":	false,
				"sender":	true
			}
		}, {
			"streams":	[{
					"socket":	5,
					"start":	6.00009,
					"end":	7.000082,
					"seconds":	0.9999920129776,
					"bytes":	25034752,
					"bits_per_second":	200279615.63777635,
					"retransmits":	32,
					"snd_cwnd":	130756,
					"rtt":	3114,
					"rttvar":	470,
					"pmtu":	1400,
					"omitted":	false,
					"sender":	true
				}],
			"sum":	{
				"start":	6.00009,
				"end":	7.000082,
				"seconds":	0.9999920129776,
				"bytes":	25034752,
				"bits_per_second":	200279615.63777635,
				"retransmits":	32,
				"omitted":	false,
				"sender":	true
			}
		}, {
			"streams":	[{
					"socket":	5,
					"start":	7.000082,
					"end":	8.000091,
					"seconds":	1.0000089406967163,
					"bytes":	24903680,
					"bits_per_second":	199227658.76592547,
					"retransmits":	23,
					"snd_cwnd":	105144,
					"rtt":	2192,
					"rttvar":	176,
					"pmtu":	1400,
					"omitted":	false,
					"sender":	true
				}],
			"sum":	{
				"start":	7.000082,
				"end":	8.000091,
				"seconds":	1.0000089406967163,
				"bytes":	24903680,
				"bits_per_second":	199227658.76592547,
				"retransmits":	23,
				"omitted":	false,
				"sender":	true
			}
		}, {
			"streams":	[{
					"socket":	5,
					"start":	8.000091,
					"end":	9.000082,
					"seconds":	0.999990999698639,
					"bytes":	25034752,
					"bits_per_second":	200279818.57872376,
					"retransmits":	19,
					"snd_cwnd":	134800,
					"rtt":	2348,
					"rttvar":	215,
					"pmtu":	1400,
					"omitted":	false,
					"sender":	true
				}],
			"sum":	{
				"start":	8.000091,
				"end":	9.000082,
				"seconds":	0.999990999698639,
				"bytes":	25034752,
				"bits_per_second":	200279818.57872376,
				"retransmits":	19,
				"omitted":	false,
				"sender":	true
			}
		}, {
			"streams":	[{
					"socket":	5,
					"start":	9.000082,
					"end":	10.000102,
					"seconds":	1.0000200271606445,
					"bytes":	25034752,
					"bits_per_second":	200274005.08032733,
					"retransmits":	6,
					"snd_cwnd":	136148,
					"rtt":	2559,
					"rttvar":	194,
					"pmtu":	1400,
					"omitted":	false,
					"sender":	true
				}],
			"sum":	{
				"start":	9.000082,
				"end":	10.000102,
				"seconds":	1.0000200271606445,
				"bytes":	25034752,
				"bits_per_second":	200274005.08032733,
				"retransmits":	6,
				"omitted":	false,
				"sender":	true
			}
		}],
	"end":	{
		"streams":	[{
				"sender":	{
					"socket":	5,
					"start":	0,
					"end":	10.000102,
					"seconds":	10.000102,
					"bytes":	250050728,
					"bits_per_second":	200038542.00687152,
					"retransmits":	273,
					"max_snd_cwnd":	136148,
					"max_rtt":	3166,
					"min_rtt":	2033,
					"mean_rtt":	2443,
					"sender":	true
				},
				"receiver":	{
					"socket":	5,
					"start":	0,
					"end":	10.044359,
					"seconds":	10.000102,
					"bytes":	250050728,
					"bits_per_second":	199157141.23718596,
					"sender":	true
				}
			}],
		"sum_sent":	{
			"start":	0,
			"end":	10.000102,
			"seconds":	10.000102,
			"bytes":	250050728,
			"bits_per_second":	200038542.00687152,
			"retransmits":	273,
			"sender":	true
		},
		"sum_received":	{
			"start":	0,
			"end":	10.044359,
			"seconds":	10.044359,
			"bytes":	250050728,
			"bits_per_second":	199157141.23718596,
			"sender":	true
		},
		"cpu_utilization_percent":	{
			"host_total":	3.5327533856953051,
			"host_user":	0.67627194412873126,
			"host_system":	2.856471531658539,
			"remote_total":	0.4160874358490132,
			"remote_user":	0.05687092838594747,
			"remote_system":	0.359217261199592
		},
		"sender_tcp_congestion":	"cubic",
		"receiver_tcp_congestion":	"cubic"
	}
}
